{"thershold_value": 100, "offsetRatio": 0.2, "dist_gain": [2, 2, 2], "colors": {"wood": {"boundHSV": [[118, 12, 5], [172, 179, 63]], "mean": [144.94736842105263, 95.52631578947368, 34.36842105263158], "sd": [13.686234668110206, 41.66579869825412, 14.455778397785176]}, "gold": {"boundHSV": [[-9, -65, -91], [37, 142, 368]], "mean": [13.692307692307692, 38.73076923076923, 138.23076923076923], "sd": [7.674980484912452, 20.665016317638948, 45.9341566327513]}, "green": {"boundHSV": [[62, 96, 112], [66, 134, 156]], "mean": [64.33333333333333, 114.875, 134.41666666666666], "sd": [1.0671873729054744, 9.518895681747962, 10.969338580283173]}, "black": {"boundHSV": [[105, 100, 6], [114, 248, 112]], "mean": [109.19148936170212, 173.95744680851064, 58.829787234042556], "sd": [2.246872984245801, 37.06001885774659, 26.58292456969577]}}}